-- phpMyAdmin SQL Dump
-- version 4.8.4
-- https://www.phpmyadmin.net/
--
-- Host: 127.0.0.1
-- Generation Time: Nov 21, 2019 at 02:26 PM
-- Server version: 10.1.37-MariaDB
-- PHP Version: 7.1.26

SET SQL_MODE = "NO_AUTO_VALUE_ON_ZERO";
SET AUTOCOMMIT = 0;
START TRANSACTION;
SET time_zone = "+00:00";


/*!40101 SET @OLD_CHARACTER_SET_CLIENT=@@CHARACTER_SET_CLIENT */;
/*!40101 SET @OLD_CHARACTER_SET_RESULTS=@@CHARACTER_SET_RESULTS */;
/*!40101 SET @OLD_COLLATION_CONNECTION=@@COLLATION_CONNECTION */;
/*!40101 SET NAMES utf8mb4 */;

--
-- Database: `sensor_network`
--

-- --------------------------------------------------------

--
-- Table structure for table `dummy`
--

CREATE TABLE `dummy` (
  `id` int(11) NOT NULL,
  `data` varchar(1000) NOT NULL
) ENGINE=InnoDB DEFAULT CHARSET=latin1;

-- --------------------------------------------------------

--
-- Table structure for table `sn_nodes`
--

CREATE TABLE `sn_nodes` (
  `id` int(11) NOT NULL,
  `node_id` int(11) NOT NULL,
  `project_id` int(11) NOT NULL,
  `latlng` varchar(30) NOT NULL,
  `sensor_1` varchar(20) NOT NULL,
  `sensor_2` varchar(20) NOT NULL,
  `sensor_3` varchar(20) NOT NULL,
  `sensor_4` varchar(20) NOT NULL,
  `created_at` timestamp NOT NULL DEFAULT '0000-00-00 00:00:00' ON UPDATE CURRENT_TIMESTAMP,
  `updated_at` timestamp NOT NULL DEFAULT '0000-00-00 00:00:00' ON UPDATE CURRENT_TIMESTAMP
) ENGINE=InnoDB DEFAULT CHARSET=latin1;

--
-- Dumping data for table `sn_nodes`
--

INSERT INTO `sn_nodes` (`id`, `node_id`, `project_id`, `latlng`, `sensor_1`, `sensor_2`, `sensor_3`, `sensor_4`, `created_at`, `updated_at`) VALUES
(1, 1, 1, '31.447943,74.269402', '1', '', '', '', '2019-11-21 13:02:02', '2019-11-21 13:02:02'),
(2, 1, 1, '31.447943,74.269402', '28.74', '', '', '', '2019-11-21 13:01:36', '2019-11-21 13:01:36'),
(3, 2, 1, '31.447943,74.269402', '2', '', '', '', '2019-11-21 13:02:06', '2019-11-21 13:02:06'),
(4, 2, 1, '31.447943,74.269402', '28.12', '', '', '', '2019-11-21 13:01:41', '2019-11-21 13:01:41'),
(5, 3, 1, '31.447943,74.269402', '3', '', '', '', '2019-11-21 13:02:10', '2019-11-21 13:02:10'),
(6, 3, 1, '31.447943,74.269402', '28.12', '', '', '', '2019-11-21 13:01:50', '2019-11-21 13:01:50'),
(7, 1, 1, '31.447943,74.269402', '28.12', '', '', '', '0000-00-00 00:00:00', '0000-00-00 00:00:00'),
(8, 1, 1, '31.447943,74.269402', '28.12', '', '', '', '0000-00-00 00:00:00', '0000-00-00 00:00:00'),
(9, 1, 1, '31.447943,74.269402', '28.12', '', '', '', '0000-00-00 00:00:00', '0000-00-00 00:00:00'),
(10, 1, 1, '31.447943,74.269402', '28.12', '', '', '', '0000-00-00 00:00:00', '0000-00-00 00:00:00'),
(11, 1, 1, '31.447943,74.269402', '28.12', '', '', '', '0000-00-00 00:00:00', '0000-00-00 00:00:00'),
(12, 1, 1, '31.447943,74.269402', '28.12', '', '', '', '0000-00-00 00:00:00', '0000-00-00 00:00:00'),
(13, 1, 1, '31.447943,74.269402', '28.12', '', '', '', '0000-00-00 00:00:00', '0000-00-00 00:00:00'),
(14, 1, 1, '31.447943,74.269402', '28.12', '', '', '', '0000-00-00 00:00:00', '0000-00-00 00:00:00'),
(15, 1, 1, '31.447943,74.269402', '28.12', '', '', '', '0000-00-00 00:00:00', '0000-00-00 00:00:00'),
(16, 1, 1, '31.447943,74.269402', '28.12', '', '', '', '0000-00-00 00:00:00', '0000-00-00 00:00:00'),
(17, 1, 1, '31.447943,74.269402', '28.12', '', '', '', '0000-00-00 00:00:00', '0000-00-00 00:00:00'),
(18, 1, 1, '31.447943,74.269402', '28.12', '', '', '', '0000-00-00 00:00:00', '0000-00-00 00:00:00'),
(19, 1, 1, '31.447943,74.269402', '28.12', '', '', '', '0000-00-00 00:00:00', '0000-00-00 00:00:00'),
(20, 1, 1, '31.447943,74.269402', '29.75', '', '', '', '0000-00-00 00:00:00', '0000-00-00 00:00:00'),
(21, 1, 1, '31.447943,74.269402', '30.81', '', '', '', '0000-00-00 00:00:00', '0000-00-00 00:00:00'),
(22, 1, 1, '31.447943,74.269402', '31.25', '', '', '', '0000-00-00 00:00:00', '0000-00-00 00:00:00'),
(23, 1, 1, '31.447943,74.269402', '30.44', '', '', '', '0000-00-00 00:00:00', '0000-00-00 00:00:00'),
(24, 1, 1, '31.447943,74.269402', '29.75', '', '', '', '0000-00-00 00:00:00', '0000-00-00 00:00:00'),
(25, 1, 1, '31.447943,74.269402', '29.25', '', '', '', '0000-00-00 00:00:00', '0000-00-00 00:00:00'),
(26, 1, 1, '31.447943,74.269402', '28.75', '', '', '', '0000-00-00 00:00:00', '0000-00-00 00:00:00'),
(27, 1, 1, '31.447943,74.269402', '28.38', '', '', '', '0000-00-00 00:00:00', '0000-00-00 00:00:00'),
(28, 1, 1, '31.447943,74.269402', '28.06', '', '', '', '0000-00-00 00:00:00', '0000-00-00 00:00:00'),
(29, 1, 1, '31.447943,74.269402', '27.81', '', '', '', '0000-00-00 00:00:00', '0000-00-00 00:00:00'),
(30, 1, 1, '31.447943,74.269402', '27.50', '', '', '', '0000-00-00 00:00:00', '0000-00-00 00:00:00'),
(31, 1, 1, '31.447943,74.269402', '27.25', '', '', '', '0000-00-00 00:00:00', '0000-00-00 00:00:00'),
(32, 1, 1, '31.447943,74.269402', '27.00', '', '', '', '0000-00-00 00:00:00', '0000-00-00 00:00:00'),
(33, 1, 1, '31.447943,74.269402', '26.75', '', '', '', '0000-00-00 00:00:00', '0000-00-00 00:00:00'),
(34, 1, 1, '31.447943,74.269402', '26.44', '', '', '', '0000-00-00 00:00:00', '0000-00-00 00:00:00'),
(35, 1, 1, '31.447943,74.269402', '26.19', '', '', '', '0000-00-00 00:00:00', '0000-00-00 00:00:00'),
(36, 1, 1, '31.447943,74.269402', '26.00', '', '', '', '0000-00-00 00:00:00', '0000-00-00 00:00:00'),
(37, 1, 1, '31.447943,74.269402', '25.81', '', '', '', '0000-00-00 00:00:00', '0000-00-00 00:00:00'),
(38, 1, 1, '31.447943,74.269402', '25.62', '', '', '', '0000-00-00 00:00:00', '0000-00-00 00:00:00'),
(39, 1, 1, '31.447943,74.269402', '25.37', '', '', '', '0000-00-00 00:00:00', '0000-00-00 00:00:00'),
(40, 1, 1, '31.447943,74.269402', '25.19', '', '', '', '0000-00-00 00:00:00', '0000-00-00 00:00:00'),
(41, 1, 1, '31.447943,74.269402', '25.06', '', '', '', '0000-00-00 00:00:00', '0000-00-00 00:00:00'),
(42, 1, 1, '31.447943,74.269402', '24.87', '', '', '', '0000-00-00 00:00:00', '0000-00-00 00:00:00'),
(43, 1, 1, '31.447943,74.269402', '24.75', '', '', '', '0000-00-00 00:00:00', '0000-00-00 00:00:00'),
(44, 1, 1, '31.447943,74.269402', '24.69', '', '', '', '0000-00-00 00:00:00', '0000-00-00 00:00:00'),
(45, 1, 1, '31.447943,74.269402', '24.56', '', '', '', '0000-00-00 00:00:00', '0000-00-00 00:00:00'),
(46, 1, 1, '31.447943,74.269402', '24.44', '', '', '', '0000-00-00 00:00:00', '0000-00-00 00:00:00'),
(47, 1, 1, '31.447943,74.269402', '24.31', '', '', '', '0000-00-00 00:00:00', '0000-00-00 00:00:00'),
(48, 1, 1, '31.447943,74.269402', '24.25', '', '', '', '0000-00-00 00:00:00', '0000-00-00 00:00:00'),
(49, 1, 1, '31.447943,74.269402', '24.19', '', '', '', '0000-00-00 00:00:00', '0000-00-00 00:00:00'),
(50, 1, 1, '31.447943,74.269402', '24.06', '', '', '', '0000-00-00 00:00:00', '0000-00-00 00:00:00'),
(51, 1, 1, '31.447943,74.269402', '24.00', '', '', '', '0000-00-00 00:00:00', '0000-00-00 00:00:00'),
(52, 1, 1, '31.447943,74.269402', '23.94', '', '', '', '0000-00-00 00:00:00', '0000-00-00 00:00:00'),
(53, 1, 1, '31.447943,74.269402', '23.81', '', '', '', '0000-00-00 00:00:00', '0000-00-00 00:00:00'),
(54, 1, 1, '31.447943,74.269402', '23.75', '', '', '', '0000-00-00 00:00:00', '0000-00-00 00:00:00'),
(55, 1, 1, '31.447943,74.269402', '23.75', '', '', '', '0000-00-00 00:00:00', '0000-00-00 00:00:00'),
(56, 1, 1, '31.447943,74.269402', '23.69', '', '', '', '0000-00-00 00:00:00', '0000-00-00 00:00:00'),
(57, 1, 1, '31.447943,74.269402', '23.62', '', '', '', '0000-00-00 00:00:00', '0000-00-00 00:00:00'),
(58, 1, 1, '31.447943,74.269402', '23.56', '', '', '', '0000-00-00 00:00:00', '0000-00-00 00:00:00'),
(59, 1, 1, '31.447943,74.269402', '23.50', '', '', '', '0000-00-00 00:00:00', '0000-00-00 00:00:00'),
(60, 1, 1, '31.447943,74.269402', '23.50', '', '', '', '0000-00-00 00:00:00', '0000-00-00 00:00:00'),
(61, 1, 1, '31.447943,74.269402', '23.44', '', '', '', '0000-00-00 00:00:00', '0000-00-00 00:00:00'),
(62, 1, 1, '31.447943,74.269402', '23.44', '', '', '', '0000-00-00 00:00:00', '0000-00-00 00:00:00'),
(63, 1, 1, '31.447943,74.269402', '23.38', '', '', '', '0000-00-00 00:00:00', '0000-00-00 00:00:00'),
(64, 1, 1, '31.447943,74.269402', '23.31', '', '', '', '0000-00-00 00:00:00', '0000-00-00 00:00:00'),
(65, 1, 1, '31.447943,74.269402', '23.31', '', '', '', '0000-00-00 00:00:00', '0000-00-00 00:00:00'),
(66, 1, 1, '31.447943,74.269402', '23.25', '', '', '', '0000-00-00 00:00:00', '0000-00-00 00:00:00'),
(67, 1, 1, '31.447943,74.269402', '23.25', '', '', '', '0000-00-00 00:00:00', '0000-00-00 00:00:00'),
(68, 1, 1, '31.447943,74.269402', '23.19', '', '', '', '0000-00-00 00:00:00', '0000-00-00 00:00:00'),
(69, 1, 1, '31.447943,74.269402', '23.19', '', '', '', '0000-00-00 00:00:00', '0000-00-00 00:00:00'),
(70, 1, 1, '31.447943,74.269402', '23.19', '', '', '', '0000-00-00 00:00:00', '0000-00-00 00:00:00'),
(71, 1, 1, '31.447943,74.269402', '23.12', '', '', '', '0000-00-00 00:00:00', '0000-00-00 00:00:00'),
(72, 1, 1, '31.447943,74.269402', '23.12', '', '', '', '0000-00-00 00:00:00', '0000-00-00 00:00:00'),
(73, 1, 1, '31.447943,74.269402', '23.06', '', '', '', '0000-00-00 00:00:00', '0000-00-00 00:00:00'),
(74, 1, 1, '31.447943,74.269402', '23.06', '', '', '', '0000-00-00 00:00:00', '0000-00-00 00:00:00'),
(75, 1, 1, '31.447943,74.269402', '23.06', '', '', '', '0000-00-00 00:00:00', '0000-00-00 00:00:00'),
(76, 1, 1, '31.447943,74.269402', '23.06', '', '', '', '0000-00-00 00:00:00', '0000-00-00 00:00:00'),
(77, 1, 1, '31.447943,74.269402', '23.06', '', '', '', '0000-00-00 00:00:00', '0000-00-00 00:00:00'),
(78, 1, 1, '31.447943,74.269402', '23.06', '', '', '', '0000-00-00 00:00:00', '0000-00-00 00:00:00'),
(79, 1, 1, '31.447943,74.269402', '23.06', '', '', '', '0000-00-00 00:00:00', '0000-00-00 00:00:00'),
(80, 1, 1, '31.447943,74.269402', '23.06', '', '', '', '0000-00-00 00:00:00', '0000-00-00 00:00:00'),
(81, 1, 1, '31.447943,74.269402', '23.06', '', '', '', '0000-00-00 00:00:00', '0000-00-00 00:00:00'),
(82, 1, 1, '31.447943,74.269402', '23.06', '', '', '', '0000-00-00 00:00:00', '0000-00-00 00:00:00'),
(83, 1, 1, '31.447943,74.269402', '23.06', '', '', '', '0000-00-00 00:00:00', '0000-00-00 00:00:00'),
(84, 1, 1, '31.447943,74.269402', '23.06', '', '', '', '0000-00-00 00:00:00', '0000-00-00 00:00:00'),
(85, 1, 1, '31.447943,74.269402', '23.06', '', '', '', '0000-00-00 00:00:00', '0000-00-00 00:00:00'),
(86, 1, 1, '31.447943,74.269402', '23.06', '', '', '', '0000-00-00 00:00:00', '0000-00-00 00:00:00'),
(87, 1, 1, '31.447943,74.269402', '23.06', '', '', '', '0000-00-00 00:00:00', '0000-00-00 00:00:00'),
(88, 1, 1, '31.447943,74.269402', '23.06', '', '', '', '0000-00-00 00:00:00', '0000-00-00 00:00:00'),
(89, 1, 1, '31.447943,74.269402', '23.06', '', '', '', '0000-00-00 00:00:00', '0000-00-00 00:00:00'),
(90, 1, 1, '31.447943,74.269402', '23.06', '', '', '', '0000-00-00 00:00:00', '0000-00-00 00:00:00'),
(91, 1, 1, '31.447943,74.269402', '23.06', '', '', '', '0000-00-00 00:00:00', '0000-00-00 00:00:00'),
(92, 1, 1, '31.447943,74.269402', '23.06', '', '', '', '0000-00-00 00:00:00', '0000-00-00 00:00:00'),
(93, 1, 1, '31.447943,74.269402', '23.06', '', '', '', '0000-00-00 00:00:00', '0000-00-00 00:00:00'),
(94, 1, 1, '31.447943,74.269402', '23.06', '', '', '', '0000-00-00 00:00:00', '0000-00-00 00:00:00'),
(95, 1, 1, '31.447943,74.269402', '23.06', '', '', '', '0000-00-00 00:00:00', '0000-00-00 00:00:00'),
(96, 1, 1, '31.447943,74.269402', '23.06', '', '', '', '0000-00-00 00:00:00', '0000-00-00 00:00:00'),
(97, 1, 1, '31.447943,74.269402', '23.00', '', '', '', '0000-00-00 00:00:00', '0000-00-00 00:00:00');

-- --------------------------------------------------------

--
-- Table structure for table `sn_project`
--

CREATE TABLE `sn_project` (
  `project_id` int(11) NOT NULL,
  `user_id` int(11) NOT NULL,
  `project_title` varchar(300) NOT NULL,
  `location` varchar(300) NOT NULL,
  `created_at` timestamp NOT NULL DEFAULT '0000-00-00 00:00:00' ON UPDATE CURRENT_TIMESTAMP,
  `updated_at` timestamp NOT NULL DEFAULT '0000-00-00 00:00:00' ON UPDATE CURRENT_TIMESTAMP
) ENGINE=InnoDB DEFAULT CHARSET=latin1;

--
-- Dumping data for table `sn_project`
--

INSERT INTO `sn_project` (`project_id`, `user_id`, `project_title`, `location`, `created_at`, `updated_at`) VALUES
(1, 1, 'Voluptatem voluptatem quod sit.', '-50.077564', '1973-11-24 12:05:29', '1995-12-29 23:10:48'),
(2, 2, 'Et voluptatem corrupti earum.', '-11.239462', '2018-10-12 04:35:05', '2018-07-27 09:55:53'),
(3, 3, 'Alias voluptas autem esse odio facere necessitatibus dolor.', '-46.153743', '2011-05-27 09:44:27', '1974-12-14 01:05:25'),
(4, 4, 'Sed earum saepe dolorem omnis.', '55.282125', '2011-02-07 22:32:26', '1974-12-21 18:24:48'),
(5, 5, 'Fuga sequi odit esse dicta.', '46.932144', '2014-11-20 15:26:21', '2015-06-28 08:05:01'),
(6, 6, 'Distinctio fugit autem fugiat.', '18.390626', '2010-01-18 06:30:32', '1985-04-03 21:21:28'),
(7, 7, 'Suscipit et molestiae doloremque beatae ipsum soluta odit.', '38.283943', '1977-10-31 00:24:17', '2005-05-12 21:01:40'),
(8, 8, 'Dicta qui rerum nulla dolores esse consequatur eaque.', '37.758383', '1980-10-31 16:59:20', '1991-03-06 17:06:58'),
(9, 9, 'Quo recusandae ut est cum et.', '19.284294', '2012-05-14 01:38:27', '2002-05-07 14:44:40'),
(10, 10, 'Quam quos ut ipsa doloribus laborum dolore tempore facere.', '56.289109', '2012-09-22 16:55:07', '1978-07-06 23:32:54');

-- --------------------------------------------------------

--
-- Table structure for table `sn_registeration`
--

CREATE TABLE `sn_registeration` (
  `user_id` int(11) NOT NULL,
  `name` varchar(250) NOT NULL,
  `username` varchar(250) NOT NULL,
  `email` varchar(250) NOT NULL,
  `password` varchar(300) NOT NULL,
  `created_at` timestamp NOT NULL DEFAULT CURRENT_TIMESTAMP ON UPDATE CURRENT_TIMESTAMP,
  `updated_at` timestamp NOT NULL DEFAULT CURRENT_TIMESTAMP
) ENGINE=InnoDB DEFAULT CHARSET=latin1;

--
-- Dumping data for table `sn_registeration`
--

INSERT INTO `sn_registeration` (`user_id`, `name`, `username`, `email`, `password`, `created_at`, `updated_at`) VALUES
(1, 'aperiam', 'cosinski', 'hills.krystel@example.org', 'Aliyah', '1984-01-27 14:31:02', '2004-02-03 02:52:05'),
(2, 'eum', 'hazle52', 'hking@example.com', 'Emile', '1988-04-13 02:58:48', '1981-10-15 20:40:04'),
(3, 'adipisci', 'upton.andres', 'keely03@example.org', 'Antonietta', '1970-05-28 22:52:30', '1995-08-03 20:18:08'),
(4, 'eligendi', 'ali.sauer', 'qo\'connell@example.net', 'Delta', '1975-04-08 10:00:10', '1984-10-14 09:26:39'),
(5, 'qui', 'casper.dominique', 'cummerata.eloy@example.org', 'Reva', '2006-10-31 00:00:30', '1990-08-12 09:43:23'),
(6, 'debitis', 'dawson06', 'dasia.veum@example.net', 'Craig', '1985-01-31 08:47:13', '2004-02-03 09:56:32'),
(7, 'excepturi', 'durgan.carole', 'layla.blanda@example.net', 'Laurie', '1996-06-20 21:21:28', '2006-08-23 00:10:55'),
(8, 'minus', 'vida46', 'ao\'reilly@example.com', 'Rhianna', '1974-03-30 11:34:46', '1984-01-15 18:10:04'),
(9, 'explicabo', 'nicola50', 'helene43@example.com', 'Mariam', '1997-05-02 21:39:00', '1974-01-17 01:30:53'),
(10, 'maxime', 'laury.nikolaus', 'santino92@example.net', 'Marilou', '2007-02-11 12:32:31', '2009-09-02 01:59:47'),
(11, 'waqar', 'waqar', 'waqarzia20@gmail.com', '123456', '2019-11-19 07:46:32', '2019-11-19 07:46:32'),
(12, 'hamza', 'hamza', 'hamza@gmail.com', '11122212', '2019-11-19 07:50:52', '2019-11-19 07:50:52'),
(13, 'raza', 'raza', 'raza@gmail.com', '112212', '2019-11-19 07:53:22', '2019-11-19 07:53:22'),
(14, 'ahmad', 'ahmad', 'ahmad@gmail.com', '232334', '2019-11-19 08:00:21', '2019-11-19 08:00:21'),
(15, 'hamza', 'waqar', 'raza', 'hamzawaqarraza', '2019-11-19 10:44:35', '2019-11-19 10:44:35'),
(16, 'hamza', 'waqar', 'raza', 'hamzawaqarraza', '2019-11-19 10:46:08', '2019-11-19 10:46:08'),
(17, 'hamza', 'waqar', 'raza', 'hamzawaqarraza', '2019-11-19 10:46:48', '2019-11-19 10:46:48');

--
-- Indexes for dumped tables
--

--
-- Indexes for table `dummy`
--
ALTER TABLE `dummy`
  ADD PRIMARY KEY (`id`);

--
-- Indexes for table `sn_nodes`
--
ALTER TABLE `sn_nodes`
  ADD PRIMARY KEY (`id`);

--
-- Indexes for table `sn_project`
--
ALTER TABLE `sn_project`
  ADD PRIMARY KEY (`project_id`);

--
-- Indexes for table `sn_registeration`
--
ALTER TABLE `sn_registeration`
  ADD PRIMARY KEY (`user_id`);

--
-- AUTO_INCREMENT for dumped tables
--

--
-- AUTO_INCREMENT for table `dummy`
--
ALTER TABLE `dummy`
  MODIFY `id` int(11) NOT NULL AUTO_INCREMENT, AUTO_INCREMENT=28;

--
-- AUTO_INCREMENT for table `sn_nodes`
--
ALTER TABLE `sn_nodes`
  MODIFY `id` int(11) NOT NULL AUTO_INCREMENT, AUTO_INCREMENT=98;

--
-- AUTO_INCREMENT for table `sn_project`
--
ALTER TABLE `sn_project`
  MODIFY `project_id` int(11) NOT NULL AUTO_INCREMENT, AUTO_INCREMENT=11;

--
-- AUTO_INCREMENT for table `sn_registeration`
--
ALTER TABLE `sn_registeration`
  MODIFY `user_id` int(11) NOT NULL AUTO_INCREMENT, AUTO_INCREMENT=18;
COMMIT;

/*!40101 SET CHARACTER_SET_CLIENT=@OLD_CHARACTER_SET_CLIENT */;
/*!40101 SET CHARACTER_SET_RESULTS=@OLD_CHARACTER_SET_RESULTS */;
/*!40101 SET COLLATION_CONNECTION=@OLD_COLLATION_CONNECTION */;
